{
  "timestamp": 1781577765.0447094,
  "results": {
    "h1": {
      "Historical Average": {
        "train": {
          "r2": 0.0,
          "mae": 4.767444133758545,
          "mse": 38.19081115722656,
          "rmse": 6.179871559143066
        },
        "val": {
          "r2": -0.00254213809967041,
          "mae": 7.249852180480957,
          "mse": 154.9448699951172,
          "rmse": 12.447685241699219
        },
        "test": {
          "r2": -0.14793968200683594,
          "mae": 5.521636486053467,
          "mse": 47.079627990722656,
          "rmse": 6.861459732055664
        }
      },
      "Linear Regression": {
        "train": {
          "r2": 0.8225007653236389,
          "mae": 1.3546507358551025,
          "mse": 6.778839588165283,
          "rmse": 2.6036205291748047
        },
        "val": {
          "r2": 0.6897812485694885,
          "mae": 3.4390223026275635,
          "mse": 47.944923400878906,
          "rmse": 6.924227237701416
        },
        "test": {
          "r2": 0.6892920136451721,
          "mae": 2.2079832553863525,
          "mse": 12.742843627929688,
          "rmse": 3.569711923599243
        }
      },
      "Gradient Boosting/RF": {
        "train": {
          "r2": 0.8556414842605591,
          "mae": 1.1871116161346436,
          "mse": 5.51317024230957,
          "rmse": 2.3480141162872314
        },
        "val": {
          "r2": 0.6971627473831177,
          "mae": 3.4254090785980225,
          "mse": 46.80409622192383,
          "rmse": 6.8413519859313965
        },
        "test": {
          "r2": 0.635063886642456,
          "mae": 2.2610411643981934,
          "mse": 14.966861724853516,
          "rmse": 3.8687028884887695
        }
      },
      "LSTM Sequential": {
        "train": {
          "r2": -0.18723845481872559,
          "mae": 5.023585319519043,
          "mse": 45.34539031982422,
          "rmse": 6.733898639678955
        },
        "val": {
          "r2": -0.07064008712768555,
          "mae": 6.686121463775635,
          "mse": 165.56080627441406,
          "rmse": 12.867043495178223
        },
        "test": {
          "r2": -0.0010704994201660156,
          "mae": 4.335511684417725,
          "mse": 41.07846450805664,
          "rmse": 6.409248352050781
        }
      },
      "Spatiotemporal Graph": {
        "train": {
          "r2": 0.8705971240997314,
          "mae": 1.2420473098754883,
          "mse": 4.942134857177734,
          "rmse": 2.2230913639068604
        },
        "val": {
          "r2": 0.8168216347694397,
          "mae": 2.7172210216522217,
          "mse": 28.308242797851562,
          "rmse": 5.320549011230469
        },
        "test": {
          "r2": 0.8099489212036133,
          "mae": 1.7527772188186646,
          "mse": 7.798639297485352,
          "rmse": 2.792604446411133
        }
      }
    },
    "h2": {
      "Historical Average": {
        "train": {
          "r2": 0.0,
          "mae": 4.76741886138916,
          "mse": 38.190650939941406,
          "rmse": 6.179858684539795
        },
        "val": {
          "r2": -0.002543807029724121,
          "mae": 7.2501373291015625,
          "mse": 154.9536895751953,
          "rmse": 12.448040008544922
        },
        "test": {
          "r2": -0.14793074131011963,
          "mae": 5.521596431732178,
          "mse": 47.07925796508789,
          "rmse": 6.8614325523376465
        }
      },
      "Linear Regression": {
        "train": {
          "r2": 0.826296865940094,
          "mae": 1.3180692195892334,
          "mse": 6.633835792541504,
          "rmse": 2.5756232738494873
        },
        "val": {
          "r2": 0.737743079662323,
          "mae": 3.2497968673706055,
          "mse": 40.53456497192383,
          "rmse": 6.366676330566406
        },
        "test": {
          "r2": 0.6977438926696777,
          "mae": 2.133484363555908,
          "mse": 12.396212577819824,
          "rmse": 3.5208256244659424
        }
      },
      "Gradient Boosting/RF": {
        "train": {
          "r2": 0.8594304323196411,
          "mae": 1.152400016784668,
          "mse": 5.368443489074707,
          "rmse": 2.3169901371002197
        },
        "val": {
          "r2": 0.7050278186798096,
          "mae": 3.3239314556121826,
          "mse": 45.59104919433594,
          "rmse": 6.752114295959473
        },
        "test": {
          "r2": 0.6392831206321716,
          "mae": 2.1867754459381104,
          "mse": 14.7938232421875,
          "rmse": 3.846273899078369
        }
      },
      "LSTM Sequential": {
        "train": {
          "r2": 0.00010007619857788086,
          "mae": 4.767612457275391,
          "mse": 38.190025329589844,
          "rmse": 6.179807662963867
        },
        "val": {
          "r2": -0.002648472785949707,
          "mae": 7.2461323738098145,
          "mse": 155.0524139404297,
          "rmse": 12.452004432678223
        },
        "test": {
          "r2": -0.1457657814025879,
          "mae": 5.514182090759277,
          "mse": 47.015968322753906,
          "rmse": 6.856819152832031
        }
      },
      "Spatiotemporal Graph": {
        "train": {
          "r2": 0.8680813908576965,
          "mae": 1.2995816469192505,
          "mse": 5.0382466316223145,
          "rmse": 2.2446038722991943
        },
        "val": {
          "r2": 0.789695680141449,
          "mae": 2.787963390350342,
          "mse": 32.501617431640625,
          "rmse": 5.701018810272217
        },
        "test": {
          "r2": 0.7980847954750061,
          "mae": 1.756457805633545,
          "mse": 8.285930633544922,
          "rmse": 2.8785293102264404
        }
      }
    },
    "h3": {
      "Historical Average": {
        "train": {
          "r2": 0.0,
          "mae": 4.767428874969482,
          "mse": 38.19091796875,
          "rmse": 6.179880142211914
        },
        "val": {
          "r2": -0.0025441646575927734,
          "mae": 7.250122547149658,
          "mse": 154.9537353515625,
          "rmse": 12.448040962219238
        },
        "test": {
          "r2": -0.14792466163635254,
          "mae": 5.521570682525635,
          "mse": 47.07901382446289,
          "rmse": 6.861414909362793
        }
      },
      "Linear Regression": {
        "train": {
          "r2": 0.8362476825714111,
          "mae": 1.2137383222579956,
          "mse": 6.253851413726807,
          "rmse": 2.500770092010498
        },
        "val": {
          "r2": 0.743851900100708,
          "mae": 2.9855380058288574,
          "mse": 39.59038543701172,
          "rmse": 6.292088985443115
        },
        "test": {
          "r2": 0.7444312572479248,
          "mae": 1.9719878435134888,
          "mse": 10.481456756591797,
          "rmse": 3.2375078201293945
        }
      },
      "Gradient Boosting/RF": {
        "train": {
          "r2": 0.8729965090751648,
          "mae": 1.0669435262680054,
          "mse": 4.850379943847656,
          "rmse": 2.202357769012451
        },
        "val": {
          "r2": 0.709270715713501,
          "mae": 3.0709941387176514,
          "mse": 44.935272216796875,
          "rmse": 6.703377723693848
        },
        "test": {
          "r2": 0.7051088809967041,
          "mae": 2.0045952796936035,
          "mse": 12.094157218933105,
          "rmse": 3.477665424346924
        }
      },
      "LSTM Sequential": {
        "train": {
          "r2": 8.52346420288086e-05,
          "mae": 4.767520427703857,
          "mse": 38.190853118896484,
          "rmse": 6.179874897003174
        },
        "val": {
          "r2": -0.0026040077209472656,
          "mae": 7.248230457305908,
          "mse": 155.04554748535156,
          "rmse": 12.451728820800781
        },
        "test": {
          "r2": -0.14658737182617188,
          "mae": 5.517810821533203,
          "mse": 47.0496826171875,
          "rmse": 6.859277248382568
        }
      },