{
  "timestamp": 1781712003.133939,
  "results": {
    "h1": {
      "Linear Regression": {
        "train": {
          "r2": 0.965907096862793,
          "mae": 1.2477399110794067,
          "mse": 5.31959867477417,
          "rmse": 2.3064255190172887
        },
        "val": {
          "r2": 0.8682757616043091,
          "mae": 1.9811279773712158,
          "mse": 12.846656799316406,
          "rmse": 3.5842233188399977
        },
        "test": {
          "r2": 0.9023398160934448,
          "mae": 1.3284984827041626,
          "mse": 4.667384624481201,
          "rmse": 2.1604130680222244
        }
      }
    },
    "h2": {
      "Linear Regression": {
        "train": {
          "r2": 0.9197965860366821,
          "mae": 1.961298942565918,
          "mse": 12.514434814453125,
          "rmse": 3.5375747079677518
        },
        "val": {
          "r2": 0.6814984083175659,
          "mae": 3.1737918853759766,
          "mse": 31.05900764465332,
          "rmse": 5.573060886501539
        },
        "test": {
          "r2": 0.7755255103111267,
          "mae": 2.084155797958374,
          "mse": 10.730738639831543,
          "rmse": 3.27578061533912
        }
      }
    },
    "h3": {
      "Linear Regression": {
        "train": {
          "r2": 0.8764545917510986,
          "mae": 2.453580141067505,
          "mse": 19.278005599975586,
          "rmse": 4.390672568066946
        },
        "val": {
          "r2": 0.5453001260757446,
          "mae": 3.8930156230926514,
          "mse": 44.34052658081055,
          "rmse": 6.658868265764878
        },
        "test": {
          "r2": 0.6489180326461792,
          "mae": 2.651888370513916,
          "mse": 16.783058166503906,
          "rmse": 4.096713093017853
        }
      }
    }
  }
}