{
  "timestamp": 1781673599.154474,
  "results": {
    "h1": {
      "Linear Regression": {
        "train": {
          "r2": 0.8729423880577087,
          "mae": 1.2448550462722778,
          "mse": 3.33115553855896,
          "rmse": 1.8251453472419559
        },
        "val": {
          "r2": 0.7422787547111511,
          "mae": 2.0995309352874756,
          "mse": 9.251660346984863,
          "rmse": 3.0416542122642514
        },
        "test": {
          "r2": 0.6130579113960266,
          "mae": 2.6562910079956055,
          "mse": 13.013670921325684,
          "rmse": 3.607446592997003
        }
      }
    },
    "h2": {
      "Linear Regression": {
        "train": {
          "r2": 0.7250646352767944,
          "mae": 1.9166699647903442,
          "mse": 7.199397563934326,
          "rmse": 2.6831693133185475
        },
        "val": {
          "r2": 0.5501887798309326,
          "mae": 2.8444502353668213,
          "mse": 16.188180923461914,
          "rmse": 4.023453855018337
        },
        "test": {
          "r2": 0.02802252769470215,
          "mae": 4.321775913238525,
          "mse": 32.68963623046875,
          "rmse": 5.717485131635128
        }
      }
    },
    "h3": {
      "Linear Regression": {
        "train": {
          "r2": 0.6062426567077637,
          "mae": 2.30698299407959,
          "mse": 10.309578895568848,
          "rmse": 3.2108532971110417
        },
        "val": {
          "r2": 0.44058871269226074,
          "mae": 3.275155544281006,
          "mse": 20.13256072998047,
          "rmse": 4.48693221811746
        },
        "test": {
          "r2": -0.36056602001190186,
          "mae": 5.222953796386719,
          "mse": 45.75868225097656,
          "rmse": 6.764516409247343
        }
      }
    }
  }
}