{
  "timestamp": 1781886128.857094,
  "results": {
    "h1": {
      "Historical Average": {
        "train": {
          "r2": 0.0,
          "mae": 5.426349639892578,
          "mse": 155.9514617919922,
          "rmse": 12.488052368164062
        },
        "val": {
          "r2": -0.01366722583770752,
          "mae": 6.455068111419678,
          "mse": 98.84773254394531,
          "rmse": 9.942219734191895
        },
        "test": {
          "r2": -0.0004869699478149414,
          "mae": 4.884376525878906,
          "mse": 47.490657806396484,
          "rmse": 6.891346454620361
        }
      },
      "Linear Regression": {
        "train": {
          "r2": 0.9656893610954285,
          "mae": 1.2555280923843384,
          "mse": 5.350794792175293,
          "rmse": 2.313178539276123
        },
        "val": {
          "r2": 0.8701543807983398,
          "mae": 1.965532660484314,
          "mse": 12.661890983581543,
          "rmse": 3.5583550930023193
        },
        "test": {
          "r2": 0.9017714858055115,
          "mae": 1.3375482559204102,
          "mse": 4.662667274475098,
          "rmse": 2.1593210697174072
        }
      },
      "Gradient Boosting/RF": {
        "train": {
          "r2": 0.9754093885421753,
          "mae": 1.1739178895950317,
          "mse": 3.8349382877349854,
          "rmse": 1.9582998752593994
        },
        "val": {
          "r2": 0.8381754159927368,
          "mae": 2.109407901763916,
          "mse": 15.780316352844238,
          "rmse": 3.972444534301758
        },
        "test": {
          "r2": 0.9027647376060486,
          "mae": 1.3444461822509766,
          "mse": 4.6155195236206055,
          "rmse": 2.148375988006592
        }
      },
      "LSTM Sequential": {
        "train": {
          "r2": 0.5333967208862305,
          "mae": 2.4569928646087646,
          "mse": 72.80741882324219,
          "rmse": 8.532726287841797
        },
        "val": {
          "r2": 0.7258707284927368,
          "mae": 3.0562992095947266,
          "mse": 26.284290313720703,
          "rmse": 5.1268205642700195
        },
        "test": {
          "r2": 0.795435905456543,
          "mae": 2.1155848503112793,
          "mse": 9.668802261352539,
          "rmse": 3.1094698905944824
        }
      },
      "Spatiotemporal Graph": {
        "train": {
          "r2": 0.9414123296737671,
          "mae": 1.6468826532363892,
          "mse": 9.141339302062988,
          "rmse": 3.0234646797180176
        },
        "val": {
          "r2": 0.8807269930839539,
          "mae": 2.0859804153442383,
          "mse": 11.630904197692871,
          "rmse": 3.4104111194610596
        },
        "test": {
          "r2": 0.8647881150245667,
          "mae": 1.770304560661316,
          "mse": 6.419092178344727,
          "rmse": 2.533592700958252
        }
      }
    },
    "h2": {
      "Historical Average": {
        "train": {
          "r2": 0.0,
          "mae": 5.426388740539551,
          "mse": 155.95761108398438,
          "rmse": 12.488299369812012
        },
        "val": {
          "r2": -0.01365816593170166,
          "mae": 6.455159664154053,
          "mse": 98.84684753417969,
          "rmse": 9.942174911499023
        },
        "test": {
          "r2": -0.000489354133605957,
          "mae": 4.884475231170654,
          "mse": 47.49077224731445,
          "rmse": 6.891355037689209
        }
      },
      "Linear Regression": {
        "train": {
          "r2": 0.9195529222488403,
          "mae": 1.971213936805725,
          "mse": 12.54633617401123,
          "rmse": 3.542080879211426
        },
        "val": {
          "r2": 0.6843187212944031,
          "mae": 3.151326894760132,
          "mse": 30.783649444580078,
          "rmse": 5.548301696777344
        },
        "test": {
          "r2": 0.7737680673599243,
          "mae": 2.0953941345214844,
          "mse": 10.738675117492676,
          "rmse": 3.276991844177246
        }
      },
      "Gradient Boosting/RF": {
        "train": {
          "r2": 0.9490521550178528,
          "mae": 1.7462701797485352,
          "mse": 7.945706844329834,
          "rmse": 2.8188130855560303
        },
        "val": {
          "r2": 0.6599146723747253,
          "mae": 3.1601977348327637,
          "mse": 33.16341018676758,
          "rmse": 5.758768081665039
        },
        "test": {
          "r2": 0.7865000367164612,
          "mae": 2.043058395385742,
          "mse": 10.134318351745605,
          "rmse": 3.1834444999694824
        }
      },
      "LSTM Sequential": {
        "train": {
          "r2": 0.4789530038833618,
          "mae": 2.9828133583068848,
          "mse": 81.30690002441406,
          "rmse": 9.017033576965332
        },
        "val": {
          "r2": 0.6209120750427246,
          "mae": 3.6591761112213135,
          "mse": 36.34803009033203,
          "rmse": 6.028932571411133
        },
        "test": {
          "r2": 0.6880574226379395,
          "mae": 2.6728668212890625,
          "mse": 14.744088172912598,
          "rmse": 3.8398032188415527
        }
      },
      "Spatiotemporal Graph": {
        "train": {
          "r2": 0.8722739219665527,
          "mae": 2.597047805786133,
          "mse": 19.930011749267578,
          "rmse": 4.464303970336914
        },
        "val": {
          "r2": 0.706774890422821,
          "mae": 3.2534749507904053,
          "mse": 28.593839645385742,
          "rmse": 5.347320556640625
        },
        "test": {
          "r2": 0.7666610479354858,
          "mae": 2.345876932144165,
          "mse": 11.07918643951416,
          "rmse": 3.3285412788391113
        }
      }
    },
    "h3": {
      "Historical Average": {
        "train": {
          "r2": 0.0,
          "mae": 5.426232814788818,
          "mse": 155.95547485351562,
          "rmse": 12.488213539123535
        },
        "val": {
          "r2": -0.013674259185791016,
          "mae": 6.4561686515808105,
          "mse": 98.8700942993164,
          "rmse": 9.943344116210938
        },
        "test": {
          "r2": -0.0004907846450805664,
          "mae": 4.884532928466797,
          "mse": 47.490840911865234,
          "rmse": 6.891359806060791
        }
      },
      "Linear Regression": {
        "train": {
          "r2": 0.8763483762741089,
          "mae": 2.4637701511383057,
          "mse": 19.284147262573242,
          "rmse": 4.391371726989746
        },
        "val": {
          "r2": 0.5481328964233398,
          "mae": 3.870697498321533,
          "mse": 44.07346725463867,
          "rmse": 6.638784885406494
        },
        "test": {
          "r2": 0.6454252600669861,
          "mae": 2.6762447357177734,
          "mse": 16.830791473388672,
          "rmse": 4.102534770965576
        }
      },
      "Gradient Boosting/RF": {
        "train": {
          "r2": 0.9274610877037048,
          "mae": 2.1172568798065186,
          "mse": 11.312841415405273,
          "rmse": 3.3634567260742188
        },
        "val": {
          "r2": 0.5523710250854492,
          "mae": 3.7360682487487793,
          "mse": 43.660099029541016,
          "rmse": 6.607578754425049
        },
        "test": {
          "r2": 0.6822421550750732,
          "mae": 2.5117547512054443,
          "mse": 15.083182334899902,
          "rmse": 3.883707284927368
        }
      },
      "LSTM Sequential": {
        "train": {
          "r2": 0.4229605197906494,
          "mae": 3.175877809524536,
          "mse": 90.04396057128906,
          "rmse": 9.489150047302246
        },
        "val": {
          "r2": 0.5496193170547485,
          "mae": 3.981421947479248,
          "mse": 43.17162322998047,
          "rmse": 6.570511817932129
        },
        "test": {
          "r2": 0.5874246954917908,
          "mae": 2.9844472408294678,
          "mse": 19.50053596496582,
          "rmse": 4.41594123840332
        }
      },