{
  "timestamp": 1781989410.3743315,
  "results": {
    "h1": {
      "Historical Average": {
        "train": {
          "r2": 0.0,
          "mae": 4.769949436187744,
          "mse": 55.29927444458008,
          "rmse": 7.436347961425781
        },
        "val": {
          "r2": -0.046674132347106934,
          "mae": 9.671557426452637,
          "mse": 600.2863159179688,
          "rmse": 24.500741958618164
        },
        "test": {
          "r2": -0.00037026405334472656,
          "mae": 4.720314979553223,
          "mse": 45.8836555480957,
          "rmse": 6.773747444152832
        }
      },
      "Linear Regression": {
        "train": {
          "r2": 0.6756722331047058,
          "mae": 2.3649799823760986,
          "mse": 17.935089111328125,
          "rmse": 4.234983921051025
        },
        "val": {
          "r2": 0.3672037124633789,
          "mae": 5.715673923492432,
          "mse": 362.9199523925781,
          "rmse": 19.050458908081055
        },
        "test": {
          "r2": 0.7569370269775391,
          "mae": 2.2670445442199707,
          "mse": 11.148488998413086,
          "rmse": 3.338935375213623
        }
      },
      "Gradient Boosting/RF": {
        "train": {
          "r2": 0.9267621636390686,
          "mae": 1.1738654375076294,
          "mse": 4.049999237060547,
          "rmse": 2.012460947036743
        },
        "val": {
          "r2": 0.7022293210029602,
          "mae": 3.58020281791687,
          "mse": 170.7768096923828,
          "rmse": 13.068160057067871
        },
        "test": {
          "r2": 0.908454418182373,
          "mae": 1.2787150144577026,
          "mse": 4.198890209197998,
          "rmse": 2.049119472503662
        }
      },
      "LSTM Sequential": {
        "train": {
          "r2": 0.5844142436981201,
          "mae": 2.2489001750946045,
          "mse": 22.998394012451172,
          "rmse": 4.795664310455322
        },
        "val": {
          "r2": 0.192085862159729,
          "mae": 6.618492126464844,
          "mse": 466.0245361328125,
          "rmse": 21.587600708007812
        },
        "test": {
          "r2": 0.6856703758239746,
          "mae": 2.2896714210510254,
          "mse": 14.494967460632324,
          "rmse": 3.8072257041931152
        }
      },
      "Spatiotemporal Graph": {
        "train": {
          "r2": 0.28298842906951904,
          "mae": 3.219208002090454,
          "mse": 39.67719650268555,
          "rmse": 6.298983573913574
        },
        "val": {
          "r2": 0.23708981275558472,
          "mae": 6.850758075714111,
          "mse": 437.5426025390625,
          "rmse": 20.917518615722656
        },
        "test": {
          "r2": 0.5925674438476562,
          "mae": 3.038262367248535,
          "mse": 18.690916061401367,
          "rmse": 4.323299407958984
        }
      },
      "Linear Regression (Recipe: base6)": {
        "train": {
          "r2": 0.6676521301269531,
          "mae": 2.4058663845062256,
          "mse": 18.378597259521484,
          "rmse": 4.287026405334473
        },
        "val": {
          "r2": 0.36218297481536865,
          "mae": 5.837191104888916,
          "mse": 365.7994384765625,
          "rmse": 19.125883102416992
        },
        "test": {
          "r2": 0.754507303237915,
          "mae": 2.262183904647827,
          "mse": 11.259932518005371,
          "rmse": 3.3555822372436523
        }
      },
      "Linear Regression (Recipe: diffusion9)": {
        "train": {
          "r2": 0.669823408126831,
          "mae": 2.388765811920166,
          "mse": 18.258527755737305,
          "rmse": 4.2729997634887695
        },
        "val": {
          "r2": 0.36549174785614014,
          "mae": 5.759396553039551,
          "mse": 363.90179443359375,
          "rmse": 19.076210021972656
        },
        "test": {
          "r2": 0.7674236297607422,
          "mae": 2.201796770095825,
          "mse": 10.66750431060791,
          "rmse": 3.2661144733428955
        }
      },
      "Linear Regression (Recipe: base+upwind)": {
        "train": {
          "r2": 0.669640839099884,
          "mae": 2.3891241550445557,
          "mse": 18.26862144470215,
          "rmse": 4.274180889129639
        },
        "val": {
          "r2": 0.3653275966644287,
          "mae": 5.758396148681641,
          "mse": 363.9959716796875,
          "rmse": 19.078678131103516
        },
        "test": {
          "r2": 0.7668280005455017,
          "mae": 2.205981492996216,
          "mse": 10.69482421875,
          "rmse": 3.270294189453125
        }
      },
      "Linear Regression (Recipe: base+transport)": {
        "train": {
          "r2": 0.6677104234695435,
          "mae": 2.403986692428589,
          "mse": 18.375370025634766,
          "rmse": 4.28665018081665
        },
        "val": {
          "r2": 0.3623238205909729,
          "mae": 5.834328651428223,
          "mse": 365.7186584472656,
          "rmse": 19.12377166748047
        },
        "test": {
          "r2": 0.7550191879272461,
          "mae": 2.2602202892303467,
          "mse": 11.236454963684082,
          "rmse": 3.3520822525024414
        }
      },
      "Linear Regression (Recipe: base+alignment)": {
        "train": {
          "r2": 0.6676982641220093,
          "mae": 2.4062981605529785,
          "mse": 18.376047134399414,
          "rmse": 4.286729335784912
        },
        "val": {
          "r2": 0.3621819019317627,
          "mae": 5.8388752937316895,
          "mse": 365.800048828125,
          "rmse": 19.125900268554688
        },
        "test": {
          "r2": 0.7545254826545715,
          "mae": 2.26100492477417,
          "mse": 11.259099960327148,
          "rmse": 3.3554582595825195
        }
      },
      "Linear Regression (Recipe: base+pollutants)": {
        "train": {
          "r2": 0.6693744659423828,
          "mae": 2.3952763080596924,
          "mse": 18.283353805541992,
          "rmse": 4.275903701782227
        },
        "val": {
          "r2": 0.3633522391319275,
          "mae": 5.807912826538086,
          "mse": 365.12884521484375,
          "rmse": 19.10834503173828
        },
        "test": {
          "r2": 0.7558834552764893,
          "mae": 2.288374662399292,
          "mse": 11.196815490722656,
          "rmse": 3.3461642265319824
        }
      },
      "Linear Regression (Recipe: with_pollutants)": {
        "train": {
          "r2": 0.6713308691978455,
          "mae": 2.3853652477264404,
          "mse": 18.1751651763916,
          "rmse": 4.2632341384887695
        },
        "val": {
          "r2": 0.3674430251121521,
          "mae": 5.732248306274414,
          "mse": 362.7827453613281,
          "rmse": 19.046855926513672
        },
        "test": {
          "r2": 0.7670059204101562,
          "mae": 2.2157142162323,
          "mse": 10.686662673950195,
          "rmse": 3.2690460681915283
        }
      },
      "Linear Regression (Recipe: with_lags_pollutants)": {
        "train": {
          "r2": 0.6790649890899658,
          "mae": 2.3500161170959473,
          "mse": 17.747474670410156,
          "rmse": 4.212775230407715
        },
        "val": {
          "r2": 0.371593713760376,
          "mae": 5.650981426239014,
          "mse": 360.4022216796875,
          "rmse": 18.984262466430664
        },
        "test": {
          "r2": 0.7680357694625854,
          "mae": 2.1992897987365723,
          "mse": 10.639427185058594,
          "rmse": 3.2618134021759033
        }
      }
    },
    "h2": {
      "Historical Average": {
        "train": {
          "r2": 0.0,
          "mae": 4.770090103149414,
          "mse": 55.302032470703125,
          "rmse": 7.436533451080322
        },
        "val": {
          "r2": -0.046675801277160645,
          "mae": 9.671542167663574,
          "mse": 600.2872314453125,
          "rmse": 24.50075912475586
        },
        "test": {
          "r2": -0.0003705024719238281,
          "mae": 4.720292091369629,