{
  "timestamp": 1781805598.9680936,
  "results": {
    "h1": {
      "Historical Average": {
        "train": {
          "r2": 0.0,
          "mae": 5.423961639404297,
          "mse": 156.0325469970703,
          "rmse": 12.49129867553711
        },
        "val": {
          "r2": -0.0129774808883667,
          "mae": 6.453003406524658,
          "mse": 98.79256439208984,
          "rmse": 9.939444541931152
        },
        "test": {
          "r2": -0.0002155303955078125,
          "mae": 4.9041643142700195,
          "mse": 47.802398681640625,
          "rmse": 6.913928031921387
        }
      },
      "Linear Regression": {
        "train": {
          "r2": 0.965907096862793,
          "mae": 1.2477399110794067,
          "mse": 5.319598197937012,
          "rmse": 2.3064253330230713
        },
        "val": {
          "r2": 0.8682757616043091,
          "mae": 1.9811279773712158,
          "mse": 12.846656799316406,
          "rmse": 3.5842232704162598
        },
        "test": {
          "r2": 0.9023398160934448,
          "mae": 1.3284984827041626,
          "mse": 4.667384624481201,
          "rmse": 2.1604130268096924
        }
      },
      "Gradient Boosting/RF": {
        "train": {
          "r2": 0.974875807762146,
          "mae": 1.1859492063522339,
          "mse": 3.9201924800872803,
          "rmse": 1.979947566986084
        },
        "val": {
          "r2": 0.8166207671165466,
          "mae": 2.185715913772583,
          "mse": 17.88440704345703,
          "rmse": 4.2289958000183105
        },
        "test": {
          "r2": 0.9008312225341797,
          "mae": 1.3557316064834595,
          "mse": 4.7394843101501465,
          "rmse": 2.1770355701446533
        }
      },
      "LSTM Sequential": {
        "train": {
          "r2": 0.5166710615158081,
          "mae": 2.471764087677002,
          "mse": 75.45648193359375,
          "rmse": 8.686569213867188
        },
        "val": {
          "r2": 0.7096129059791565,
          "mae": 3.101548671722412,
          "mse": 28.375452041625977,
          "rmse": 5.326861381530762
        },
        "test": {
          "r2": 0.8012640476226807,
          "mae": 2.073133707046509,
          "mse": 9.51951789855957,
          "rmse": 3.085371494293213
        }
      },
      "Spatiotemporal Graph": {
        "train": {
          "r2": 0.9376382827758789,
          "mae": 1.9292196035385132,
          "mse": 9.730707168579102,
          "rmse": 3.119408130645752
        },
        "val": {
          "r2": 0.7837812900543213,
          "mae": 2.6625945568084717,
          "mse": 21.06525993347168,
          "rmse": 4.589690685272217
        },
        "test": {
          "r2": 0.7923533916473389,
          "mae": 2.119331121444702,
          "mse": 9.949944496154785,
          "rmse": 3.154353380203247
        }
      }
    },
    "h2": {
      "Historical Average": {
        "train": {
          "r2": 0.0,
          "mae": 5.4242963790893555,
          "mse": 156.03372192382812,
          "rmse": 12.491345405578613
        },
        "val": {
          "r2": -0.012899518013000488,
          "mae": 6.451534748077393,
          "mse": 98.77394104003906,
          "rmse": 9.938508033752441
        },
        "test": {
          "r2": -0.00021731853485107422,
          "mae": 4.905185222625732,
          "mse": 47.814212799072266,
          "rmse": 6.9147820472717285
        }
      },
      "Linear Regression": {
        "train": {
          "r2": 0.9197965860366821,
          "mae": 1.961298942565918,
          "mse": 12.514435768127441,
          "rmse": 3.5375747680664062
        },
        "val": {
          "r2": 0.6814984083175659,
          "mae": 3.1737918853759766,
          "mse": 31.05900764465332,
          "rmse": 5.573060989379883
        },
        "test": {
          "r2": 0.7755255103111267,
          "mae": 2.084155797958374,
          "mse": 10.730738639831543,
          "rmse": 3.27578067779541
        }
      },
      "Gradient Boosting/RF": {
        "train": {
          "r2": 0.9479929804801941,
          "mae": 1.7605324983596802,
          "mse": 8.114852905273438,
          "rmse": 2.8486580848693848
        },
        "val": {
          "r2": 0.6297932863235474,
          "mae": 3.2542076110839844,
          "mse": 36.10109329223633,
          "rmse": 6.008418560028076
        },
        "test": {
          "r2": 0.7840689420700073,
          "mae": 2.0480527877807617,
          "mse": 10.3223295211792,
          "rmse": 3.2128381729125977
        }
      },
      "LSTM Sequential": {
        "train": {
          "r2": 0.4813382625579834,
          "mae": 2.905653238296509,
          "mse": 80.9742431640625,
          "rmse": 8.998568534851074
        },
        "val": {
          "r2": 0.6096336841583252,
          "mae": 3.6774027347564697,
          "mse": 38.14418411254883,
          "rmse": 6.176097869873047
        },
        "test": {
          "r2": 0.697590172290802,
          "mae": 2.5713582038879395,
          "mse": 14.482451438903809,
          "rmse": 3.805581569671631
        }
      },
      "Spatiotemporal Graph": {
        "train": {
          "r2": -0.6697978973388672,
          "mae": 9.58882999420166,
          "mse": 260.54986572265625,
          "rmse": 16.141557693481445
        },
        "val": {
          "r2": -3.003378391265869,
          "mae": 11.221207618713379,
          "mse": 390.08306884765625,
          "rmse": 19.750520706176758
        },
        "test": {
          "r2": -2.834973096847534,
          "mae": 9.002983093261719,
          "mse": 183.7881622314453,
          "rmse": 13.556849479675293
        }
      }
    },
    "h3": {
      "Historical Average": {
        "train": {
          "r2": 0.0,
          "mae": 5.424334526062012,
          "mse": 156.03988647460938,
          "rmse": 12.491592407226562
        },
        "val": {
          "r2": -0.012890815734863281,
          "mae": 6.451629161834717,
          "mse": 98.7730941772461,
          "rmse": 9.938465118408203
        },
        "test": {
          "r2": -0.00021898746490478516,
          "mae": 4.905280113220215,
          "mse": 47.81428909301758,
          "rmse": 6.914787769317627
        }
      },
      "Linear Regression": {
        "train": {
          "r2": 0.8764545917510986,
          "mae": 2.453580141067505,
          "mse": 19.278005599975586,
          "rmse": 4.39067268371582
        },
        "val": {
          "r2": 0.5453001260757446,
          "mae": 3.8930156230926514,
          "mse": 44.34052658081055,
          "rmse": 6.658868312835693
        },
        "test": {
          "r2": 0.6489180326461792,
          "mae": 2.651888370513916,
          "mse": 16.783058166503906,
          "rmse": 4.096713066101074
        }
      },
      "Gradient Boosting/RF": {
        "train": {
          "r2": 0.9265904426574707,
          "mae": 2.1353681087493896,
          "mse": 11.45482063293457,
          "rmse": 3.3844971656799316
        },
        "val": {
          "r2": 0.5009013414382935,
          "mae": 3.8819236755371094,
          "mse": 48.67012405395508,
          "rmse": 6.976397514343262
        },
        "test": {
          "r2": 0.6775301694869995,
          "mae": 2.5284698009490967,
          "mse": 15.415291786193848,
          "rmse": 3.9262311458587646
        }
      },
      "LSTM Sequential": {
        "train": {
          "r2": 0.42364299297332764,
          "mae": 3.18139386177063,
          "mse": 89.98619079589844,
          "rmse": 9.486104965209961
        },
        "val": {
          "r2": 0.548682689666748,
          "mae": 4.01205587387085,
          "mse": 44.09994125366211,
          "rmse": 6.640778541564941
        },
        "test": {
          "r2": 0.6054608821868896,
          "mae": 2.9348435401916504,
          "mse": 18.8945369720459,
          "rmse": 4.346784591674805
        }
      },
      "Spatiotemporal Graph": {
        "train": {
          "r2": -0.3368370532989502,